{
  "text": "Mira 发音像Mira。还可能包含Mira。还可能包含Mira。还可能包含Mira。",
  "language": "zh",
  "segments": [
    {
      "id": 0,
      "seek": 0,
      "start": 0.0,
      "end": 2.0,
      "text": "Mira 发音像Mee-ra。还可能包含Mee-ra。还可能包含Mee-ra。还可能包含Mee-ra。",
      "tokens": [
        50364,
        44,
        4271,
        220,
        28926,
        18034,
        12760,
        44,
        1653,
        12,
        424,
        1543,
        14852,
        16657,
        23305,
        2392,
        104,
        44,
        1653,
        12,
        424,
        1543,
        14852,
        16657,
        23305,
        2392,
        104,
        44,
        1653,
        12,
        424,
        1543,
        14852,
        16657,
        23305,
        2392,
        104,
        44,
        1653,
        12,
        424,
        1543,
        50464
      ],
      "temperature": 0.0,
      "avg_logprob": -0.44895280491222034,
      "compression_ratio": 1.9,
      "no_speech_prob": 0.8364359736442566
    }
  ],
  "modelRepo": "mlx-community/whisper-small-mlx-q4",
  "sampleRate": 16000,
  "rawText": "Mira 发音像Mee-ra。还可能包含Mee-ra。还可能包含Mee-ra。还可能包含Mee-ra。",
  "normalizationApplied": true
}
