{
  "text": "Mira 发音像 Mira 与 OpenClaw、Mira。Mira 发音像 Mira 与 OpenClaw、Mira。",
  "language": "zh",
  "segments": [
    {
      "id": 0,
      "seek": 0,
      "start": 0.0,
      "end": 3.0,
      "text": "Mira 发音像 米拉 与 OpenClaw、Mee-ra。",
      "tokens": [
        50364,
        44,
        4271,
        220,
        28926,
        18034,
        12760,
        220,
        27742,
        29717,
        220,
        940,
        236,
        7238,
        34,
        5901,
        1231,
        44,
        1653,
        12,
        424,
        1543,
        50514
      ],
      "temperature": 0.0,
      "avg_logprob": -0.8097562789916992,
      "compression_ratio": 0.8363636363636363,
      "no_speech_prob": 0.8463520407676697
    },
    {
      "id": 1,
      "seek": 3000,
      "start": 30.0,
      "end": 33.0,
      "text": "Mira 发音像 米拉 与 OpenClaw、Mee-ra。",
      "tokens": [
        50364,
        44,
        4271,
        220,
        28926,
        18034,
        12760,
        220,
        27742,
        29717,
        220,
        940,
        236,
        7238,
        34,
        5901,
        1231,
        44,
        1653,
        12,
        424,
        1543,
        50514
      ],
      "temperature": 0.0,
      "avg_logprob": -0.30699272950490314,
      "compression_ratio": 0.8363636363636363,
      "no_speech_prob": 0.9394010305404663
    }
  ],
  "modelRepo": "mlx-community/whisper-small-mlx-q4",
  "sampleRate": 16000,
  "rawText": "Mira 发音像 米拉 与 OpenClaw、Mee-ra。Mira 发音像 米拉 与 OpenClaw、Mee-ra。",
  "normalizationApplied": true
}
