{
  "text": "Mira еЏ‘йџіеѓЏMira дёЋOpenClawгЂЃMiraгЂ‚",
  "language": "zh",
  "segments": [
    {
      "id": 0,
      "seek": 0,
      "start": 0.0,
      "end": 8.0,
      "text": "Mira еЏ‘йџіеѓЏз±іж‹‰ дёЋOpenClawгЂЃMee-raгЂ‚",
      "tokens": [
        50364,
        44,
        4271,
        220,
        28926,
        18034,
        12760,
        27742,
        29717,
        220,
        940,
        236,
        45569,
        34,
        5901,
        1231,
        44,
        1653,
        12,
        424,
        1543,
        50764
      ],
      "temperature": 0.0,
      "avg_logprob": -0.7531885893448539,
      "compression_ratio": 0.8301886792452831,
      "no_speech_prob": 0.7158751487731934
    }
  ],
  "modelRepo": "mlx-community/whisper-small-mlx-q4",
  "sampleRate": 16000,
  "rawText": "Mira еЏ‘йџіеѓЏз±іж‹‰ дёЋOpenClawгЂЃMee-raгЂ‚",
  "normalizationApplied": true
}
